Raw_Country_Name,Appearance_Count,Author_Count
Not available,85,85
Not specified,24,24
,20,20
Not Available,20,20
(空),8,8
（空）,6,6
(国家信息缺失),6,6
Unknown,5,5
(国家信息不足),5,5
[空],4,4
Not provided,4,4
#NAME?,3,3
无法确定,3,3
N/A,3,3
Korea,3,3
[Country not provided],3,3
[empty],3,3
Not explicitly mentioned,2,2
[国家],2,2
[Country not specified],2,2
Cote d'Ivoire,2,2
[Country],2,2
Population Health Research Institute,2,2
未知,2,2
School of Physical and Occupational Therapy.,2,2
(国家未提及),2,2
Departments of Surgery,1,1
(无足够信息提取主要单位、城市和国家),1,1
(缺少具体国家信息),1,1
The Kingdom of Spain,1,1
由于提供的单位信息不完整，无法提取主要单位、城市和国家。,1,1
Same Day Surgery,1,1
(信息不足，无法提取城市和国家),1,1
由于提供的单位信息不完整，缺少了城市和国家的具体数据，因此无法进行准确的提取。如果您能提供完整的单位信息，我将很乐意帮助您提取主要单位、城市和国家。,1,1
未提供,1,1
Division of Pediatric Emergency Medicine,1,1
"China, Taiwan Province of",1,1
(国家信息未提供),1,1
[国家信息缺失],1,1
Department of Orthopedics,1,1
(缺少国家信息),1,1
(Insufficient information to determine city and country),1,1
Country Not Available,1,1
(leave blank),1,1
（由于缺少具体地址信息，无法确定所在城市和国家）,1,1
The Philippines,1,1
Occupied Palestinian Territory,1,1
这些学院和大学在印度医学教育中享有盛誉，吸引了大量的学生和研究人员。,1,1
Pediatrics.,1,1
(缺少具体信息，无法确定),1,1
（信息不足，无法提取）,1,1
（未提及）,1,1
(国家),1,1
（注意：所提供的信息中未包含具体的城市和国家，因此这两项无法提取。如果您能提供完整的单位信息，我将能够更好地帮助您提取所需内容。）,1,1
(缺少国家),1,1
由于您提供的单位信息不完整，未包含所在城市和国家的具体内容，因此无法提取相关信息。如果您能提供完整的单位信息，我将很乐意协助您进行提取。,1,1
General Surgeon.,1,1
由于提供的单位信息不完整，缺少城市和国家的具体内容，因此无法提取所需的详细信息。如果您能提供更完整的单位信息，我将很乐意帮助您完成提取。,1,1
(无法提取，信息不足),1,1
- **国家**：Norway,1,1
"Unfortunately, the provided unit information ""Departments of Pediatrics and."" is incomplete and does not contain enough details to extract the main unit, city, or country. Therefore, I cannot provide a meaningful extraction based on the given input.",1,1
这些信息准确地反映了每个主要医疗学院或研究所的名称、所在城市和国家。,1,1
(无法确定),1,1
(信息不足，无法提取所需内容。请提供完整的单位信息以便提取主要单位、城市和国家。),1,1
Socialist Republic of Vietnam,1,1
每个条目都包含了主要单位名称、所在城市和国家，确保信息准确无误。,1,1
未提及,1,1
注：由于输入的单位信息中没有包含具体的城市和国家名称，因此无法提取相应的信息。,1,1
(请提供完整的单位信息以便提取准确的城市和国家),1,1
Information not available,1,1
（缺少国家）,1,1
Departments of Orthopedic Surgery,1,1
occupied Palestinian territory,1,1
（无国家）,1,1
Ethics Advisory Committee,1,1
（注意：根据用户提供的示例，当国家是Spain时，保持为Spain即可，因为它已经是标准全称。）,1,1
(空白),1,1
[空白],1,1
Republica Argentina,1,1
由于提供的单位信息不完整，无法提取所需的主要单位、城市和国家。如果您能提供完整的单位信息，我将很乐意帮助您提取这些信息。,1,1
由于提供的单位信息中缺乏关于主要单位、城市和国家的具体内容，因此无法完成提取任务。如果您能提供更详细的单位信息，我将很乐意帮助您进行提取。,1,1
Commonwealth of Puerto Rico,1,1
（此处缺少具体的城市和国家信息）,1,1
(无国家信息),1,1
"Note: The provided units information is incomplete and does not contain enough details to extract the primary unit, city, or country.",1,1
Country: Not available,1,1
Unable to extract,1,1
（国家）,1,1
(城市和国家信息缺失),1,1
"Padua, Italy.",1,1
"Tripoli, Libya.",1,1
Taiwan (Province of China),1,1
[Country unknown],1,1
（注：如有更多信息，请补充提供，以便准确提取所需内容。）,1,1
[Country information not provided],1,1
请提供具体的单位信息，我将按照您的要求提取主要单位、城市和国家。,1,1
Neurosurgery.,1,1
（Note: The provided unit information is incomplete and does not contain enough details to extract the city and country.）,1,1
(无法提取国家),1,1
请提供完整的单位信息以便我可以准确地提取主要单位、城市和国家。,1,1
Somaliland,1,1
Damsoyu Hospital,1,1
(注：所提供的信息中没有包含具体的城市和国家，因此无法提取相关内容。),1,1
Republic of Argentina,1,1
请提供单位信息，我将按照要求提取并输出结果。,1,1
<未提供国家>,1,1
Country Not Provided,1,1
由于单位信息不完整，无法提取主要单位、城市和国家。请提供完整的单位信息以便进一步处理。,1,1
(未提供具体国家),1,1
由于提供的单位信息不完整，无法提取主要单位、城市和国家。请提供完整的单位信息以便进一步处理。,1,1
(请补充完整的单位信息以便提取),1,1
Health Policy.,1,1
无法提取主要单位、城市和国家，因为提供的单位信息不足。,1,1
Surgical Care and Outcomes Assessment Program (SCOAP) and the Comparative Effectiveness Research Translation Network (CERTAIN),1,1
(无法提取城市和国家，因为信息不完整),1,1
